{
    "accuracy": 0.5197666882696047,
    "f1_macro": 0.4246587934262131,
    "per_class": {
        "class_0": {
            "precision": 0.586521987435751,
            "recall": 0.7181818181818181,
            "f1_score": 0.6457088965734046
        },
        "class_1": {
            "precision": 0.3693379790940767,
            "recall": 0.06389391199517781,
            "f1_score": 0.10894141829393628
        },
        "class_2": {
            "precision": 0.43978178766261017,
            "recall": 0.6339987900786449,
            "f1_score": 0.5193260654112983
        }
    }
}