{
    "d_model": 384,
    "n_heads": 2,
    "n_layers": 4,
    "ff_mult": 4,
    "dropout": 0.15000000000000002,
    "attn_dropout": 0.25,
    "token_dropout": 0.05,
    "lr": 0.00032676417657817656,
    "weight_decay": 5.987474910461405e-05,
    "warmup_ratio": 0.0,
    "min_lr": 4.050837781329671e-06,
    "step_size": 5,
    "gamma": 0.5,
    "label_smoothing": 0.1,
    "focal_gamma": 3.0,
    "focal_alpha": 0.8,
    "batch_size": 256,
    "epochs": 10,
    "grad_clip": 3.5,
    "patience": 10
}