trial,n_estimators,learning_rate,num_leaves,max_depth,min_child_samples,subsample,colsample_bytree,reg_alpha,reg_lambda,f1_macro,accuracy
0,1000,0.08927180304353628,120,9,20,0.6,0.6,2.9154431891537547,0.2537815508265665,0.42906052806646855,0.520900842514582
1,1600,0.010485387725194618,150,11,30,0.6,0.6,0.016480446427978974,0.12561043700013558,0.42906052806646855,0.520900842514582
2,1100,0.019553708662745254,100,6,30,0.7,0.8,1.382623217936987,0.006290644294586149,0.42906052806646855,0.520900842514582
3,1300,0.03912141628549695,20,9,20,0.6,1.0,7.2866537374910445,1.7123375973163988,0.42906052806646855,0.520900842514582
