{
    "accuracy": 0.5123136746597537,
    "f1_macro": 0.45092844528837817,
    "per_class": {
        "class_0": {
            "precision": 0.5847851335656213,
            "recall": 0.7041958041958042,
            "f1_score": 0.6389593908629442
        },
        "class_1": {
            "precision": 0.33134684147794996,
            "recall": 0.1675708257986739,
            "f1_score": 0.22257806244995998
        },
        "class_2": {
            "precision": 0.46056114346214927,
            "recall": 0.5263157894736842,
            "f1_score": 0.4912478825522304
        }
    }
}