trial,param_iterations,param_learning_rate,param_depth,param_l2_leaf_reg,param_border_count,param_random_strength,param_bagging_temperature,f1_macro,accuracy
0,1100,0.19999999999999998,9,12.0,64,0.8,0.05,0.4805706809135994,0.49497731691510044
1,1800,0.13,8,1.0,248,4.2,0.2,0.479528577560343,0.49497731691510044
2,800,0.05,6,11.0,128,1.4000000000000001,0.6000000000000001,0.47868699359343997,0.49141283214517173
