{
  "accuracy": 0.499351911860013,
  "f1_macro": 0.4839609674348435,
  "per_class_precision": [
    0.6661742983751846,
    0.37693863789615645,
    0.4401805869074492
  ],
  "per_class_recall": [
    0.47307692307692306,
    0.3369499698613623,
    0.7078039927404719
  ],
  "per_class_f1": [
    0.5532610918012676,
    0.35582431572246975,
    0.5427974947807933
  ],
  "per_class_support": [
    2860,
    1659,
    1653
  ],
  "confusion_matrix": [
    [
      1353,
      741,
      766
    ],
    [
      378,
      559,
      722
    ],
    [
      300,
      183,
      1170
    ]
  ],
  "classes": [
    0,
    1,
    2
  ]
}